feature,importance
turbidity,0.35932956945803807
temperature,0.3554817104451834
ph,0.2851887200967785
